<?xml version="1.0" encoding="UTF-8"?>
<project-private xmlns="http://www.netbeans.org/ns/project-private/1">
    <editor-bookmarks xmlns="http://www.netbeans.org/ns/editor-bookmarks/1"/>
    <editor-bookmarks xmlns="http://www.netbeans.org/ns/editor-bookmarks/2" lastBookmarkId="0"/>
    <open-files xmlns="http://www.netbeans.org/ns/projectui-open-files/2">
        <group>
            <file>file:/Users/martinkohl/Desktop/DebuggingExercises/Week%204/ITCS-2590%20Debugging%20Exercise%20Chapter%208/src/debugmetwo/BigScientificMathProgram.java</file>
            <file>file:/Users/martinkohl/Desktop/DebuggingExercises/Week%204/ITCS-2590%20Debugging%20Exercise%20Chapter%208/src/debugmetwo/BigScientificMathProgramTest.java</file>
            <file>file:/Users/martinkohl/Desktop/DebuggingExercises/Week%204/ITCS-2590%20Debugging%20Exercise%20Chapter%208/src/debugmetwo/ScienceMathConstants.java</file>
            <file>file:/Users/martinkohl/Desktop/DebuggingExercises/Week%204/ITCS-2590%20Debugging%20Exercise%20Chapter%208/src/debugmeone/ComputerTest.java</file>
            <file>file:/Users/martinkohl/Desktop/DebuggingExercises/Week%204/ITCS-2590%20Debugging%20Exercise%20Chapter%208/src/debugmeone/Computer.java</file>
        </group>
    </open-files>
</project-private>
