<?xml version="1.0" encoding="UTF-8"?>
<project-private xmlns="http://www.netbeans.org/ns/project-private/1">
    <editor-bookmarks xmlns="http://www.netbeans.org/ns/editor-bookmarks/1"/>
    <editor-bookmarks xmlns="http://www.netbeans.org/ns/editor-bookmarks/2" lastBookmarkId="0"/>
    <open-files xmlns="http://www.netbeans.org/ns/projectui-open-files/2">
        <group>
            <file>file:/Users/martinkohl/Desktop/DebuggingExercises/Week%205/ITCS-2590%20Debugging%20Exercise%20Chapter%209/src/debugone/PartTimeStudent.java</file>
            <file>file:/Users/martinkohl/Desktop/DebuggingExercises/Week%205/ITCS-2590%20Debugging%20Exercise%20Chapter%209/src/debugone/StudentTest.java</file>
            <file>file:/Users/martinkohl/Desktop/DebuggingExercises/Week%205/ITCS-2590%20Debugging%20Exercise%20Chapter%209/src/debugone/FullTimeStudent.java</file>
            <file>file:/Users/martinkohl/Desktop/DebuggingExercises/Week%205/ITCS-2590%20Debugging%20Exercise%20Chapter%209/src/debugone/Student.java</file>
        </group>
    </open-files>
</project-private>
